Workbook

Sheet Sheet1
A1: frequency | B1: year | C1: state/UT | D1: sector | E1: indicator | F1: broad_activity_category | G1: establishment_type | H1: GVA/Worker (ASUSE) | I1: GVA/Worker (ASI) | J1: Wages/worker (ASI)
A2: Annually | B2: 2023-24 | C2: Andhra Pradesh | D2: Combined | E2: State/UT-wise Estimated Annual Gross Value Added (GVA) Per Worker (Rs.) | F2: Manufacturing | G2: All Establishments(All) | H2: 110779 | I2: 1554717.2 | J2: 242489.98
A3: Annually | B3: 2023-24 | C3: Arunachal Pradesh | D3: Combined | E3: State/UT-wise Estimated Annual Gross Value Added (GVA) Per Worker (Rs.) | F3: Manufacturing | G3: All Establishments(All) | H3: 106166 | I3: 1030976.7 | J3: 128062.02
A4: Annually | B4: 2023-24 | C4: Assam | D4: Combined | E4: State/UT-wise Estimated Annual Gross Value Added (GVA) Per Worker (Rs.) | F4: Manufacturing | G4: All Establishments(All) | H4: 126941 | I4: 1440199.4 | J4: 114259.2
A5: Annually | B5: 2023-24 | C5: Bihar | D5: Combined | E5: State/UT-wise Estimated Annual Gross Value Added (GVA) Per Worker (Rs.) | F5: Manufacturing | G5: All Establishments(All) | H5: 100101 | I5: 1362753.5 | J5: =_xlfn.XLOOKUP(C5,Sheet2!C$2:C$38,Sheet2!P$2:P$38,0,0,) -> 139270.89
A6: Annually | B6: 2023-24 | C6: Chhattisgarh | D6: Combined | E6: State/UT-wise Estimated Annual Gross Value Added (GVA) Per Worker (Rs.) | F6: Manufacturing | G6: All Establishments(All) | H6: 80643 | I6: 1816526.6 | J6: 236439.47
A7: Annually | B7: 2023-24 | C7: Delhi | D7: Combined | E7: State/UT-wise Estimated Annual Gross Value Added (GVA) Per Worker (Rs.) | F7: Manufacturing | G7: All Establishments(All) | H7: 203130 | I7: =_xlfn.XLOOKUP(C7,Sheet2!C$2:C$38,Sheet2!M$2:M$38,0,0) -> 1058642.5 | J7: =_xlfn.XLOOKUP(C7,Sheet2!C$2:C$38,Sheet2!P$2:P$38,0,0,) -> 236657.25
A8: Annually | B8: 2023-24 | C8: Goa | D8: Combined | E8: State/UT-wise Estimated Annual Gross Value Added (GVA) Per Worker (Rs.) | F8: Manufacturing | G8: All Establishments(All) | H8: 231977 | I8: =_xlfn.XLOOKUP(C8,Sheet2!C$2:C$38,Sheet2!M$2:M$38,0,0) -> 2556563.1 | J8: =_xlfn.XLOOKUP(C8,Sheet2!C$2:C$38,Sheet2!P$2:P$38,0,0,) -> 285257.1
A9: Annually | B9: 2023-24 | C9: Gujarat | D9: Combined | E9: State/UT-wise Estimated Annual Gross Value Added (GVA) Per Worker (Rs.) | F9: Manufacturing | G9: All Establishments(All) | H9: 142508 | I9: =_xlfn.XLOOKUP(C9,Sheet2!C$2:C$38,Sheet2!M$2:M$38,0,0) -> 1764706.5 | J9: =_xlfn.XLOOKUP(C9,Sheet2!C$2:C$38,Sheet2!P$2:P$38,0,0,) -> 220391.09
A10: Annually | B10: 2023-24 | C10: Haryana | D10: Combined | E10: State/UT-wise Estimated Annual Gross Value Added (GVA) Per Worker (Rs.) | F10: Manufacturing | G10: All Establishments(All) | H10: 188315 | I10: =_xlfn.XLOOKUP(C10,Sheet2!C$2:C$38,Sheet2!M$2:M$38,0,0) -> 1616431.2 | J10: =_xlfn.XLOOKUP(C10,Sheet2!C$2:C$38,Sheet2!P$2:P$38,0,0,) -> 201272.34
A11: Annually | B11: 2023-24 | C11: Himachal Pradesh | D11: Combined | E11: State/UT-wise Estimated Annual Gross Value Added (GVA) Per Worker (Rs.) | F11: Manufacturing | G11: All Establishments(All) | H11: 106396 | I11: =_xlfn.XLOOKUP(C11,Sheet2!C$2:C$38,Sheet2!M$2:M$38,0,0) -> 2289494.4 | J11: =_xlfn.XLOOKUP(C11,Sheet2!C$2:C$38,Sheet2!P$2:P$38,0,0,) -> 228353
A12: Annually | B12: 2023-24 | C12: Jharkhand | D12: Combined | E12: State/UT-wise Estimated Annual Gross Value Added (GVA) Per Worker (Rs.) | F12: Manufacturing | G12: All Establishments(All) | H12: 92497 | I12: =_xlfn.XLOOKUP(C12,Sheet2!C$2:C$38,Sheet2!M$2:M$38,0,0) -> 2865451.3 | J12: =_xlfn.XLOOKUP(C12,Sheet2!C$2:C$38,Sheet2!P$2:P$38,0,0,) -> 320289.44
A13: Annually | B13: 2023-24 | C13: Karnataka | D13: Combined | E13: State/UT-wise Estimated Annual Gross Value Added (GVA) Per Worker (Rs.) | F13: Manufacturing | G13: All Establishments(All) | H13: 117436 | I13: =_xlfn.XLOOKUP(C13,Sheet2!C$2:C$38,Sheet2!M$2:M$38,0,0) -> 1896406.8 | J13: =_xlfn.XLOOKUP(C13,Sheet2!C$2:C$38,Sheet2!P$2:P$38,0,0,) -> 258144.72
A14: Annually | B14: 2023-24 | C14: Kerala | D14: Combined | E14: State/UT-wise Estimated Annual Gross Value Added (GVA) Per Worker (Rs.) | F14: Manufacturing | G14: All Establishments(All) | H14: 187042 | I14: =_xlfn.XLOOKUP(C14,Sheet2!C$2:C$38,Sheet2!M$2:M$38,0,0) -> 1403485.6 | J14: =_xlfn.XLOOKUP(C14,Sheet2!C$2:C$38,Sheet2!P$2:P$38,0,0,) -> 246271.46
A15: Annually | B15: 2023-24 | C15: Madhya Pradesh | D15: Combined | E15: State/UT-wise Estimated Annual Gross Value Added (GVA) Per Worker (Rs.) | F15: Manufacturing | G15: All Establishments(All) | H15: 65394 | I15: =_xlfn.XLOOKUP(C15,Sheet2!C$2:C$38,Sheet2!M$2:M$38,0,0) -> 2148934.4 | J15: =_xlfn.XLOOKUP(C15,Sheet2!C$2:C$38,Sheet2!P$2:P$38,0,0,) -> 201906.26
A16: Annually | B16: 2023-24 | C16: Maharashtra | D16: Combined | E16: State/UT-wise Estimated Annual Gross Value Added (GVA) Per Worker (Rs.) | F16: Manufacturing | G16: All Establishments(All) | H16: 136858 | I16: =_xlfn.XLOOKUP(C16,Sheet2!C$2:C$38,Sheet2!M$2:M$38,0,0) -> 2119865.8 | J16: =_xlfn.XLOOKUP(C16,Sheet2!C$2:C$38,Sheet2!P$2:P$38,0,0,) -> 266307.32
A17: Annually | B17: 2023-24 | C17: Manipur | D17: Combined | E17: State/UT-wise Estimated Annual Gross Value Added (GVA) Per Worker (Rs.) | F17: Manufacturing | G17: All Establishments(All) | H17: 97468 | I17: =_xlfn.XLOOKUP(C17,Sheet2!C$2:C$38,Sheet2!M$2:M$38,0,0) -> 262313.34 | J17: =_xlfn.XLOOKUP(C17,Sheet2!C$2:C$38,Sheet2!P$2:P$38,0,0,) -> 87888.125
A18: Annually | B18: 2023-24 | C18: Meghalaya | D18: Combined | E18: State/UT-wise Estimated Annual Gross Value Added (GVA) Per Worker (Rs.) | F18: Manufacturing | G18: All Establishments(All) | H18: 86315 | I18: =_xlfn.XLOOKUP(C18,Sheet2!C$2:C$38,Sheet2!M$2:M$38,0,0) -> 1980125.4 | J18: =_xlfn.XLOOKUP(C18,Sheet2!C$2:C$38,Sheet2!P$2:P$38,0,0,) -> 192463.96
... A32: Annually | B32: 2023-24 | C32: Chandigarh | D32: Combined | E32: State/UT-wise Estimated Annual Gross Value Added (GVA) Per Worker (Rs.) | F32: Manufacturing | G32: All Establishments(All) | H32: 150666 | I32: =_xlfn.XLOOKUP(C32,Sheet2!C$2:C$38,Sheet2!M$2:M$38,0,0) -> 1524084.5 | J32: =_xlfn.XLOOKUP(C32,Sheet2!C$2:C$38,Sheet2!P$2:P$38,0,0,) -> 264091.82
A33: Annually | B33: 2023-24 | C33: Dadra & Nagar Haveli and Daman & Diu | D33: Combined | E33: State/UT-wise Estimated Annual Gross Value Added (GVA) Per Worker (Rs.) | F33: Manufacturing | G33: All Establishments(All) | H33: 157357 | I33: 1483877.7 | J33: 193742.77
A34: Annually | B34: 2023-24 | C34: Jammu & Kashmir | D34: Combined | E34: State/UT-wise Estimated Annual Gross Value Added (GVA) Per Worker (Rs.) | F34: Manufacturing | G34: All Establishments(All) | H34: 93253 | I34: =_xlfn.XLOOKUP(C34,Sheet2!C$2:C$38,Sheet2!M$2:M$38,0,0) -> 1602220.9 | J34: =_xlfn.XLOOKUP(C34,Sheet2!C$2:C$38,Sheet2!P$2:P$38,0,0,) -> 164336.43
A35: Annually | B35: 2023-24 | C35: Ladakh | D35: Combined | E35: State/UT-wise Estimated Annual Gross Value Added (GVA) Per Worker (Rs.) | F35: Manufacturing | G35: All Establishments(All) | H35: 149514 | I35: =_xlfn.XLOOKUP(C35,Sheet2!C$2:C$38,Sheet2!M$2:M$38,0,0) -> 326008.97 | J35: =_xlfn.XLOOKUP(C35,Sheet2!C$2:C$38,Sheet2!P$2:P$38,0,0,) -> 180717.49
A36: Annually | B36: 2023-24 | C36: Lakshadweep | D36: Combined | E36: State/UT-wise Estimated Annual Gross Value Added (GVA) Per Worker (Rs.) | F36: Manufacturing | G36: All Establishments(All) | H36: 63238 | I36: =_xlfn.XLOOKUP(C36,Sheet2!C$2:C$38,Sheet2!M$2:M$38,0,0) -> 312500 | J36: =_xlfn.XLOOKUP(C36,Sheet2!C$2:C$38,Sheet2!P$2:P$38,0,0,) -> 100000
A37: Annually | B37: 2023-24 | C37: Puduchery | D37: Combined | E37: State/UT-wise Estimated Annual Gross Value Added (GVA) Per Worker (Rs.) | F37: Manufacturing | G37: All Establishments(All) | H37: 155941 | I37: 1868148.7 | J37: 243688.45
A38: Annually | B38: 2023-24 | C38: All India | D38: Combined | E38: State/UT-wise Estimated Annual Gross Value Added (GVA) Per Worker (Rs.) | F38: Manufacturing | G38: All Establishments(All) | H38: 112869 | I38: 1583983.8 | J38: 216486.77

Sheet Sheet2
A1: nic_classification | B1: year | C1: state | D1: sector | E1: indicator | F1: nic_code | G1: nic_description | H1: nic_type | I1: value | J1: unit | K1: GVA | L1: No. of workers | M1: GVA/worker | N1: wages in lakh | O1: wages | P1: wage per person
A2: 2008 | B2: 2023-24 | C2: All India | D2: Combined | E2: Gross Value Added | F2: 99999 | G2: All | H2: 2-digit | I2: 245833606 | J2: ₹ lakhs | K2: =I2*100000 -> 24583360600000 | L2: 15519957 | M2: =K2/L2 -> 1583983.8 | N2: 33598653 | O2: =N2*100000 -> 3359865300000 | P2: =O2/L2 -> 216486.77
A3: 2008 | B3: 2023-24 | C3: Andaman & Nicobar Islands | D3: Combined | E3: Gross Value Added | F3: 99999 | G3: All | H3: 2-digit | I3: 677 | J3: ₹ lakhs | K3: =I3*100000 -> 67700000 | L3: 138 | M3: =K3/L3 -> 490579.71 | N3: 293 | O3: =N3*100000 -> 29300000 | P3: =O3/L3 -> 212318.84
A4: 2008 | B4: 2023-24 | C4: Andhra Pradesh | D4: Combined | E4: Gross Value Added | F4: 99999 | G4: All | H4: 2-digit | I4: 9885576 | J4: ₹ lakhs | K4: =I4*100000 -> 988557600000 | L4: 635844 | M4: =K4/L4 -> 1554717.2 | N4: 1541858 | O4: =N4*100000 -> 154185800000 | P4: =O4/L4 -> 242489.98
A5: 2008 | B5: 2023-24 | C5: Arunachal Pradesh | D5: Combined | E5: Gross Value Added | F5: 99999 | G5: All | H5: 2-digit | I5: 33249 | J5: ₹ lakhs | K5: =I5*100000 -> 3324900000 | L5: 3225 | M5: =K5/L5 -> 1030976.7 | N5: 4130 | O5: =N5*100000 -> 413000000 | P5: =O5/L5 -> 128062.02
A6: 2008 | B6: 2023-24 | C6: Assam | D6: Combined | E6: Gross Value Added | F6: 99999 | G6: All | H6: 2-digit | I6: 2901973 | J6: ₹ lakhs | K6: =I6*100000 -> 290197300000 | L6: 201498 | M6: =K6/L6 -> 1440199.4 | N6: 230230 | O6: =N6*100000 -> 23023000000 | P6: =O6/L6 -> 114259.2
A7: 2008 | B7: 2023-24 | C7: Bihar | D7: Combined | E7: Gross Value Added | F7: 99999 | G7: All | H7: 2-digit | I7: 1595430 | J7: ₹ lakhs | K7: =I7*100000 -> 159543000000 | L7: 117074 | M7: =K7/L7 -> 1362753.5 | N7: 163050 | O7: =N7*100000 -> 16305000000 | P7: =O7/L7 -> 139270.89
A8: 2008 | B8: 2023-24 | C8: Chandigarh | D8: Combined | E8: Gross Value Added | F8: 99999 | G8: All | H8: 2-digit | I8: 83657 | J8: ₹ lakhs | K8: =I8*100000 -> 8365700000 | L8: 5489 | M8: =K8/L8 -> 1524084.5 | N8: 14496 | O8: =N8*100000 -> 1449600000 | P8: =O8/L8 -> 264091.82
A9: 2008 | B9: 2023-24 | C9: Chattisgarh | D9: Combined | E9: Gross Value Added | F9: 99999 | G9: All | H9: 2-digit | I9: 4348910 | J9: ₹ lakhs | K9: =I9*100000 -> 434891000000 | L9: 239408 | M9: =K9/L9 -> 1816526.6 | N9: 566055 | O9: =N9*100000 -> 56605500000 | P9: =O9/L9 -> 236439.47
A10: 2008 | B10: 2023-24 | C10: Dadra & Nagar Havelli and Daman & Diu | D10: Combined | E10: Gross Value Added | F10: 99999 | G10: All | H10: 2-digit | I10: 3307237 | J10: ₹ lakhs | K10: =I10*100000 -> 330723700000 | L10: 222878 | M10: =K10/L10 -> 1483877.7 | N10: 431810 | O10: =N10*100000 -> 43181000000 | P10: =O10/L10 -> 193742.77
A11: 2008 | B11: 2023-24 | C11: Delhi | D11: Combined | E11: Gross Value Added | F11: 99999 | G11: All | H11: 2-digit | I11: 719157 | J11: ₹ lakhs | K11: =I11*100000 -> 71915700000 | L11: 67932 | M11: =K11/L11 -> 1058642.5 | N11: 160766 | O11: =N11*100000 -> 16076600000 | P11: =O11/L11 -> 236657.25
A12: 2008 | B12: 2023-24 | C12: Goa | D12: Combined | E12: Gross Value Added | F12: 99999 | G12: All | H12: 2-digit | I12: 1691959 | J12: ₹ lakhs | K12: =I12*100000 -> 169195900000 | L12: 66181 | M12: =K12/L12 -> 2556563.1 | N12: 188786 | O12: =N12*100000 -> 18878600000 | P12: =O12/L12 -> 285257.1
A13: 2008 | B13: 2023-24 | C13: Gujarat | D13: Combined | E13: Gross Value Added | F13: 99999 | G13: All | H13: 2-digit | I13: 34920541 | J13: ₹ lakhs | K13: =I13*100000 -> 3492054100000 | L13: 1978830 | M13: =K13/L13 -> 1764706.5 | N13: 4361165 | O13: =N13*100000 -> 436116500000 | P13: =O13/L13 -> 220391.09
... A38: 2008 | B38: 2023-24 | C38: West Bengal | D38: Combined | E38: Gross Value Added | F38: 99999 | G38: All | H38: 2-digit | I38: 7915319 | J38: ₹ lakhs | K38: =I38*100000 -> 791531900000 | L38: 608746 | M38: =K38/L38 -> 1300266.3 | N38: 1267033 | O38: =N38*100000 -> 126703300000 | P38: =O38/L38 -> 208138.21

Sheet Sheet3
A1: nic_classification | B1: year | C1: state | D1: sector | E1: indicator | F1: nic_code | G1: nic_description | H1: nic_type | I1: value | J1: unit | K1: GVA | L1: GVA | M1: GVA/worker
A2: 2008 | B2: 2023-24 | C2: All India | D2: Combined | E2: Total Number of Workers | F2: 99999 | G2: All | H2: 2-digit | I2: 15519957 | J2: - | K2: 245833606 | L2: =K2*100000 -> 24583360600000 | M2: =L2/I2 -> 1583983.8
A3: 2008 | B3: 2022-23 | C3: All India | D3: Combined | E3: Total Number of Workers | F3: 99999 | G3: All | H3: 2-digit | I3: 14616971 | J3: - | K3: 219705605 | L3: =K3*100000 -> 21970560500000 | M3: =L3/I3 -> 1503085.7
A4: 2008 | B4: 2021-22 | C4: All India | D4: Combined | E4: Total Number of Workers | F4: 99999 | G4: All | H4: 2-digit | I4: 13609931 | J4: - | K4: 204797151 | L4: =K4*100000 -> 20479715100000 | M4: =L4/I4 -> 1504762.6
A5: 2008 | B5: 2020-21 | C5: All India | D5: Combined | E5: Total Number of Workers | F5: 99999 | G5: All | H5: 2-digit | I5: 12594563 | J5: - | K5: 161714846 | L5: =K5*100000 -> 16171484600000 | M5: =L5/I5 -> 1284005.2
A6: 2008 | B6: 2019-20 | C6: All India | D6: Combined | E6: Total Number of Workers | F6: 99999 | G6: All | H6: 2-digit | I6: 13058156 | J6: - | K6: 148574512 | L6: =K6*100000 -> 14857451200000 | M6: =L6/I6 -> 1137790.9
A7: 2008 | B7: 2018-19 | C7: All India | D7: Combined | E7: Total Number of Workers | F7: 99999 | G7: All | H7: 2-digit | I7: 12798588 | J7: - | K7: 153801928 | L7: =K7*100000 -> 15380192800000 | M7: =L7/I7 -> 1201710.1
A8: 2008 | B8: 2017-18 | C8: All India | D8: Combined | E8: Total Number of Workers | F8: 99999 | G8: All | H8: 2-digit | I8: 12224422 | J8: - | K8: 146697043 | L8: =K8*100000 -> 14669704300000 | M8: =L8/I8 -> 1200032.5
A9: 2008 | B9: 2016-17 | C9: All India | D9: Combined | E9: Total Number of Workers | F9: 99999 | G9: All | H9: 2-digit | I9: 11662947 | J9: - | K9: 136805049 | L9: =K9*100000 -> 13680504900000 | M9: =L9/I9 -> 1172988.7
A10: 2008 | B10: 2015-16 | C10: All India | D10: Combined | E10: Total Number of Workers | F10: 99999 | G10: All | H10: 2-digit | I10: 11136133 | J10: - | K10: 127327968 | L10: =K10*100000 -> 12732796800000 | M10: =L10/I10 -> 1143376.9
A11: 2008 | B11: 2014-15 | C11: All India | D11: Combined | E11: Total Number of Workers | F11: 99999 | G11: All | H11: 2-digit | I11: 10755288 | J11: - | K11: 116470249 | L11: =K11*100000 -> 11647024900000 | M11: =L11/I11 -> 1082911.5
A12: 2008 | B12: 2013-14 | C12: All India | D12: Combined | E12: Total Number of Workers | F12: 99999 | G12: All | H12: 2-digit | I12: 10444404 | J12: - | K12: 106511164 | L12: =K12*100000 -> 10651116400000 | M12: =L12/I12 -> 1019791.7
A13: 2008 | B13: 2012-13 | C13: All India | D13: Combined | E13: Total Number of Workers | F13: 99999 | G13: All | H13: 2-digit | I13: 10051626 | J13: - | K13: 100727950 | L13: =K13*100000 -> 10072795000000 | M13: =L13/I13 -> 1002106
... A17: 2008 | B17: 2008-09 | C17: All India | D17: Combined | E17: Total Number of Workers | F17: 99999 | G17: All | H17: 2-digit | I17: 8776745 | J17: - | K17: 61131148 | L17: =K17*100000 -> 6113114800000 | M17: =L17/I17 -> 696512.75
C19: Year | D19: GVA/worker
B20: 16 | C20: 2008-09 | D20: 696512.75
B21: 15 | C21: 2009-10 | D21: 761299.04
B22: 14 | C22: 2010-11 | D22: 833302.21
B23: 13 | C23: 2011-12 | D23: 867211.55
B24: 12 | C24: 2012-13 | D24: 1002106
B25: 11 | C25: 2013-14 | D25: 1019791.7
B26: 10 | C26: 2014-15 | D26: 1082911.5
B27: 9 | C27: 2015-16 | D27: 1143376.9
B28: 8 | C28: 2016-17 | D28: 1172988.7
B29: 7 | C29: 2017-18 | D29: 1200032.5
B30: 6 | C30: 2018-19 | D30: 1201710.1
B31: 5 | C31: 2019-20 | D31: 1137790.9
... B35: 1 | C35: 2023-24 | D35: 1583983.8
